Requirement,Status,Location/Evidence
Design Choice 1 Implementation,Complete,src/core/strategies/chained_strategy.py + scripts/run_strategies.py
Chained Model 1 (Type 2),Complete,Model Use 1 in chained_strategy.py
Chained Model 2 (Type 2+3),Complete,Model Use 2 in chained_strategy.py
Chained Model 3 (Type 2+3+4),Complete,Model Use 3 in chained_strategy.py
Design Choice 2 Implementation,Complete,src/core/strategies/hierarchical_strategy.py + scripts/run_strategies.py
Level 1 (Type 2),Complete,Trained on full data
Level 2 (Type 3 per class),Complete,Filtered by Type 2 predictions
Level 3 (Type 4 per path),Complete,Filtered by Type 2+3 predictions
Docker Support,Complete,docker/Dockerfile + docker-compose.yml
Event-Driven Extension,Complete,src/event_driven/ (optional)
GitHub Repository,Complete,https://github.com/tomaszbielNCI/email-classifier
Professional Documentation,Complete,docs/complete_architecture_analysis.md + extended_models_status.md
Testing Suite,Complete,tests/test_components.py + test_extended_models.py
Model Library (24 models),Complete,src/core/models/extended_models.py (10 working, 14 partial)
